{"cameraMode":{"drawMode":0,"name":"Shaded","section":"Shading Mode"},"sceneLighting":true,"audioPlay":false,"sceneViewState":{"showFog":true,"showMaterialUpdate":false,"showSkybox":true,"showFlares":true,"showImageEffects":true,"showParticleSystems":true},"in2DMode":false,"pivot":{"x":0.7512572407722473,"y":2.2801408767700197,"z":2.7021613121032717},"rotation":{"x":-0.008689637295901776,"y":-0.984545111656189,"z":0.16729122400283814,"w":-0.05113735795021057},"size":25.42133140563965,"orthographic":false}