{"cameraMode":{"drawMode":0,"name":"Shaded","section":"Shading Mode"},"sceneLighting":false,"audioPlay":false,"sceneViewState":{"showFog":true,"showMaterialUpdate":false,"showSkybox":true,"showFlares":true,"showImageEffects":true,"showParticleSystems":true},"in2DMode":false,"pivot":{"x":-0.1577831208705902,"y":2.789323329925537,"z":16.034862518310548},"rotation":{"x":0.08670959621667862,"y":-0.06421151757240296,"z":0.00560053950175643,"w":0.994146466255188},"size":6.8758649826049809,"orthographic":false}