{"cameraMode":{"drawMode":0,"name":"Shaded","section":"Shading Mode"},"sceneLighting":true,"audioPlay":false,"sceneViewState":{"showFog":true,"showMaterialUpdate":false,"showSkybox":true,"showFlares":true,"showImageEffects":true,"showParticleSystems":true},"in2DMode":false,"pivot":{"x":0.00028884410858154297,"y":0.7777106761932373,"z":3.5263702869415285},"rotation":{"x":0.05476478487253189,"y":0.9360158443450928,"z":-0.1685846447944641,"w":0.3040645718574524},"size":19.05933380126953,"orthographic":false}