{"cameraMode":{"drawMode":0,"name":"Shaded","section":"Shading Mode"},"sceneLighting":false,"audioPlay":false,"sceneViewState":{"showFog":true,"showMaterialUpdate":false,"showSkybox":true,"showFlares":true,"showImageEffects":true,"showParticleSystems":true},"in2DMode":false,"pivot":{"x":0.22731894254684449,"y":2.1164393424987795,"z":30.24575424194336},"rotation":{"x":-0.08705293387174607,"y":-0.10147267580032349,"z":0.008815811015665532,"w":-0.9910814166069031},"size":9.684906959533692,"orthographic":true}